ProductKey,Category,Subcategory,Product Name,ModelName,Product Color,Product Size,Product Status
210,Components,Road Frames,"HL Road Frame - Black, 58",HL Road Frame,Black,58,Current
211,Components,Road Frames,"HL Road Frame - Red, 58",HL Road Frame,Red,58,Current
212,Accessories,Helmets,"Sport-100 Helmet, Red",Sport-100,Red,NULL,Outdate
213,Accessories,Helmets,"Sport-100 Helmet, Red",Sport-100,Red,NULL,Outdate
214,Accessories,Helmets,"Sport-100 Helmet, Red",Sport-100,Red,NULL,Current
215,Accessories,Helmets,"Sport-100 Helmet, Black",Sport-100,Black,NULL,Outdate
216,Accessories,Helmets,"Sport-100 Helmet, Black",Sport-100,Black,NULL,Outdate
217,Accessories,Helmets,"Sport-100 Helmet, Black",Sport-100,Black,NULL,Current
218,Clothing,Socks,"Mountain Bike Socks, M",Mountain Bike Socks,White,M,Outdate
219,Clothing,Socks,"Mountain Bike Socks, L",Mountain Bike Socks,White,L,Outdate
220,Accessories,Helmets,"Sport-100 Helmet, Blue",Sport-100,Blue,NULL,Outdate
221,Accessories,Helmets,"Sport-100 Helmet, Blue",Sport-100,Blue,NULL,Outdate
222,Accessories,Helmets,"Sport-100 Helmet, Blue",Sport-100,Blue,NULL,Current
223,Clothing,Caps,AWC Logo Cap,Cycling Cap,Multi,NULL,Outdate
224,Clothing,Caps,AWC Logo Cap,Cycling Cap,Multi,NULL,Outdate
225,Clothing,Caps,AWC Logo Cap,Cycling Cap,Multi,NULL,Current
226,Clothing,Jerseys,"Long-Sleeve Logo Jersey, S",Long-Sleeve Logo Jersey,Multi,S,Outdate
227,Clothing,Jerseys,"Long-Sleeve Logo Jersey, S",Long-Sleeve Logo Jersey,Multi,S,Outdate
228,Clothing,Jerseys,"Long-Sleeve Logo Jersey, S",Long-Sleeve Logo Jersey,Multi,S,Current
229,Clothing,Jerseys,"Long-Sleeve Logo Jersey, M",Long-Sleeve Logo Jersey,Multi,M,Outdate
230,Clothing,Jerseys,"Long-Sleeve Logo Jersey, M",Long-Sleeve Logo Jersey,Multi,M,Outdate
231,Clothing,Jerseys,"Long-Sleeve Logo Jersey, M",Long-Sleeve Logo Jersey,Multi,M,Current
232,Clothing,Jerseys,"Long-Sleeve Logo Jersey, L",Long-Sleeve Logo Jersey,Multi,L,Outdate
233,Clothing,Jerseys,"Long-Sleeve Logo Jersey, L",Long-Sleeve Logo Jersey,Multi,L,Outdate
234,Clothing,Jerseys,"Long-Sleeve Logo Jersey, L",Long-Sleeve Logo Jersey,Multi,L,Current
235,Clothing,Jerseys,"Long-Sleeve Logo Jersey, XL",Long-Sleeve Logo Jersey,Multi,XL,Outdate
236,Clothing,Jerseys,"Long-Sleeve Logo Jersey, XL",Long-Sleeve Logo Jersey,Multi,XL,Outdate
237,Clothing,Jerseys,"Long-Sleeve Logo Jersey, XL",Long-Sleeve Logo Jersey,Multi,XL,Current
238,Components,Road Frames,"HL Road Frame - Red, 62",HL Road Frame,Red,62,Outdate
239,Components,Road Frames,"HL Road Frame - Red, 62",HL Road Frame,Red,62,Outdate
240,Components,Road Frames,"HL Road Frame - Red, 62",HL Road Frame,Red,62,Current
241,Components,Road Frames,"HL Road Frame - Red, 44",HL Road Frame,Red,44,Outdate
242,Components,Road Frames,"HL Road Frame - Red, 44",HL Road Frame,Red,44,Outdate
243,Components,Road Frames,"HL Road Frame - Red, 44",HL Road Frame,Red,44,Current
244,Components,Road Frames,"HL Road Frame - Red, 48",HL Road Frame,Red,48,Outdate
245,Components,Road Frames,"HL Road Frame - Red, 48",HL Road Frame,Red,48,Outdate
246,Components,Road Frames,"HL Road Frame - Red, 48",HL Road Frame,Red,48,Current
247,Components,Road Frames,"HL Road Frame - Red, 52",HL Road Frame,Red,52,Outdate
248,Components,Road Frames,"HL Road Frame - Red, 52",HL Road Frame,Red,52,Outdate
249,Components,Road Frames,"HL Road Frame - Red, 52",HL Road Frame,Red,52,Current
250,Components,Road Frames,"HL Road Frame - Red, 56",HL Road Frame,Red,56,Outdate
251,Components,Road Frames,"HL Road Frame - Red, 56",HL Road Frame,Red,56,Outdate
252,Components,Road Frames,"HL Road Frame - Red, 56",HL Road Frame,Red,56,Current
253,Components,Road Frames,"LL Road Frame - Black, 58",LL Road Frame,Black,58,Outdate
254,Components,Road Frames,"LL Road Frame - Black, 58",LL Road Frame,Black,58,Outdate
255,Components,Road Frames,"LL Road Frame - Black, 58",LL Road Frame,Black,58,Current
256,Components,Road Frames,"LL Road Frame - Black, 60",LL Road Frame,Black,60,Outdate
257,Components,Road Frames,"LL Road Frame - Black, 60",LL Road Frame,Black,60,Outdate
258,Components,Road Frames,"LL Road Frame - Black, 60",LL Road Frame,Black,60,Current
259,Components,Road Frames,"LL Road Frame - Black, 62",LL Road Frame,Black,62,Outdate
260,Components,Road Frames,"LL Road Frame - Black, 62",LL Road Frame,Black,62,Outdate
261,Components,Road Frames,"LL Road Frame - Black, 62",LL Road Frame,Black,62,Current
262,Components,Road Frames,"LL Road Frame - Red, 44",LL Road Frame,Red,44,Outdate
263,Components,Road Frames,"LL Road Frame - Red, 44",LL Road Frame,Red,44,Outdate
264,Components,Road Frames,"LL Road Frame - Red, 48",LL Road Frame,Red,48,Outdate
265,Components,Road Frames,"LL Road Frame - Red, 48",LL Road Frame,Red,48,Outdate
266,Components,Road Frames,"LL Road Frame - Red, 52",LL Road Frame,Red,52,Outdate
267,Components,Road Frames,"LL Road Frame - Red, 52",LL Road Frame,Red,52,Outdate
268,Components,Road Frames,"LL Road Frame - Red, 58",LL Road Frame,Red,58,Outdate
269,Components,Road Frames,"LL Road Frame - Red, 58",LL Road Frame,Red,58,Outdate
270,Components,Road Frames,"LL Road Frame - Red, 60",LL Road Frame,Red,60,Outdate
271,Components,Road Frames,"LL Road Frame - Red, 60",LL Road Frame,Red,60,Outdate
272,Components,Road Frames,"LL Road Frame - Red, 62",LL Road Frame,Red,62,Outdate
273,Components,Road Frames,"LL Road Frame - Red, 62",LL Road Frame,Red,62,Outdate
274,Components,Road Frames,"ML Road Frame - Red, 44",ML Road Frame,Red,44,Outdate
275,Components,Road Frames,"ML Road Frame - Red, 48",ML Road Frame,Red,48,Outdate
276,Components,Road Frames,"ML Road Frame - Red, 52",ML Road Frame,Red,52,Outdate
277,Components,Road Frames,"ML Road Frame - Red, 58",ML Road Frame,Red,58,Outdate
278,Components,Road Frames,"ML Road Frame - Red, 60",ML Road Frame,Red,60,Outdate
279,Components,Road Frames,"LL Road Frame - Black, 44",LL Road Frame,Black,44,Outdate
280,Components,Road Frames,"LL Road Frame - Black, 44",LL Road Frame,Black,44,Outdate
281,Components,Road Frames,"LL Road Frame - Black, 44",LL Road Frame,Black,44,Current
282,Components,Road Frames,"LL Road Frame - Black, 48",LL Road Frame,Black,48,Outdate
283,Components,Road Frames,"LL Road Frame - Black, 48",LL Road Frame,Black,48,Outdate
284,Components,Road Frames,"LL Road Frame - Black, 48",LL Road Frame,Black,48,Current
285,Components,Road Frames,"LL Road Frame - Black, 52",LL Road Frame,Black,52,Outdate
286,Components,Road Frames,"LL Road Frame - Black, 52",LL Road Frame,Black,52,Outdate
287,Components,Road Frames,"LL Road Frame - Black, 52",LL Road Frame,Black,52,Current
288,Components,Mountain Frames,"HL Mountain Frame - Silver, 42",HL Mountain Frame,Silver,42,Outdate
289,Components,Mountain Frames,"HL Mountain Frame - Silver, 42",HL Mountain Frame,Silver,42,Outdate
290,Components,Mountain Frames,"HL Mountain Frame - Silver, 42",HL Mountain Frame,Silver,42,Current
291,Components,Mountain Frames,"HL Mountain Frame - Silver, 44",HL Mountain Frame,Silver,44,Outdate
292,Components,Mountain Frames,"HL Mountain Frame - Silver, 48",HL Mountain Frame,Silver,48,Outdate
293,Components,Mountain Frames,"HL Mountain Frame - Silver, 46",HL Mountain Frame,Silver,46,Outdate
294,Components,Mountain Frames,"HL Mountain Frame - Silver, 46",HL Mountain Frame,Silver,46,Outdate
295,Components,Mountain Frames,"HL Mountain Frame - Silver, 46",HL Mountain Frame,Silver,46,Current
296,Components,Mountain Frames,"HL Mountain Frame - Black, 42",HL Mountain Frame,Black,42,Outdate
297,Components,Mountain Frames,"HL Mountain Frame - Black, 42",HL Mountain Frame,Black,42,Outdate
298,Components,Mountain Frames,"HL Mountain Frame - Black, 42",HL Mountain Frame,Black,42,Current
299,Components,Mountain Frames,"HL Mountain Frame - Black, 44",HL Mountain Frame,Black,44,Outdate
300,Components,Mountain Frames,"HL Mountain Frame - Black, 48",HL Mountain Frame,Black,48,Outdate
301,Components,Mountain Frames,"HL Mountain Frame - Black, 46",HL Mountain Frame,Black,46,Outdate
302,Components,Mountain Frames,"HL Mountain Frame - Black, 46",HL Mountain Frame,Black,46,Outdate
303,Components,Mountain Frames,"HL Mountain Frame - Black, 46",HL Mountain Frame,Black,46,Current
304,Components,Mountain Frames,"HL Mountain Frame - Black, 38",HL Mountain Frame,Black,38,Outdate
305,Components,Mountain Frames,"HL Mountain Frame - Black, 38",HL Mountain Frame,Black,38,Outdate
306,Components,Mountain Frames,"HL Mountain Frame - Black, 38",HL Mountain Frame,Black,38,Current
307,Components,Mountain Frames,"HL Mountain Frame - Silver, 38",HL Mountain Frame,Silver,38,Outdate
308,Components,Mountain Frames,"HL Mountain Frame - Silver, 38",HL Mountain Frame,Silver,38,Outdate
309,Components,Mountain Frames,"HL Mountain Frame - Silver, 38",HL Mountain Frame,Silver,38,Current
310,Bikes,Road Bikes,"Road-150 Red, 62",Road-150,Red,62,Outdate
311,Bikes,Road Bikes,"Road-150 Red, 44",Road-150,Red,44,Outdate
312,Bikes,Road Bikes,"Road-150 Red, 48",Road-150,Red,48,Outdate
313,Bikes,Road Bikes,"Road-150 Red, 52",Road-150,Red,52,Outdate
314,Bikes,Road Bikes,"Road-150 Red, 56",Road-150,Red,56,Outdate
315,Bikes,Road Bikes,"Road-450 Red, 58",Road-450,Red,58,Outdate
316,Bikes,Road Bikes,"Road-450 Red, 60",Road-450,Red,60,Outdate
317,Bikes,Road Bikes,"Road-450 Red, 44",Road-450,Red,44,Outdate
318,Bikes,Road Bikes,"Road-450 Red, 48",Road-450,Red,48,Outdate
319,Bikes,Road Bikes,"Road-450 Red, 52",Road-450,Red,52,Outdate
320,Bikes,Road Bikes,"Road-650 Red, 58",Road-650,Red,58,Outdate
321,Bikes,Road Bikes,"Road-650 Red, 58",Road-650,Red,58,Outdate
322,Bikes,Road Bikes,"Road-650 Red, 60",Road-650,Red,60,Outdate
323,Bikes,Road Bikes,"Road-650 Red, 60",Road-650,Red,60,Outdate
324,Bikes,Road Bikes,"Road-650 Red, 62",Road-650,Red,62,Outdate
325,Bikes,Road Bikes,"Road-650 Red, 62",Road-650,Red,62,Outdate
326,Bikes,Road Bikes,"Road-650 Red, 44",Road-650,Red,44,Outdate
327,Bikes,Road Bikes,"Road-650 Red, 44",Road-650,Red,44,Outdate
328,Bikes,Road Bikes,"Road-650 Red, 48",Road-650,Red,48,Outdate
329,Bikes,Road Bikes,"Road-650 Red, 48",Road-650,Red,48,Outdate
330,Bikes,Road Bikes,"Road-650 Red, 52",Road-650,Red,52,Outdate
331,Bikes,Road Bikes,"Road-650 Red, 52",Road-650,Red,52,Outdate
332,Bikes,Road Bikes,"Road-650 Black, 58",Road-650,Black,58,Outdate
333,Bikes,Road Bikes,"Road-650 Black, 58",Road-650,Black,58,Outdate
334,Bikes,Road Bikes,"Road-650 Black, 60",Road-650,Black,60,Outdate
335,Bikes,Road Bikes,"Road-650 Black, 60",Road-650,Black,60,Outdate
336,Bikes,Road Bikes,"Road-650 Black, 62",Road-650,Black,62,Outdate
337,Bikes,Road Bikes,"Road-650 Black, 62",Road-650,Black,62,Outdate
338,Bikes,Road Bikes,"Road-650 Black, 44",Road-650,Black,44,Outdate
339,Bikes,Road Bikes,"Road-650 Black, 44",Road-650,Black,44,Outdate
340,Bikes,Road Bikes,"Road-650 Black, 48",Road-650,Black,48,Outdate
341,Bikes,Road Bikes,"Road-650 Black, 48",Road-650,Black,48,Outdate
342,Bikes,Road Bikes,"Road-650 Black, 52",Road-650,Black,52,Outdate
343,Bikes,Road Bikes,"Road-650 Black, 52",Road-650,Black,52,Outdate
344,Bikes,Mountain Bikes,"Mountain-100 Silver, 38",Mountain-100,Silver,38,Outdate
345,Bikes,Mountain Bikes,"Mountain-100 Silver, 42",Mountain-100,Silver,42,Outdate
346,Bikes,Mountain Bikes,"Mountain-100 Silver, 44",Mountain-100,Silver,44,Outdate
347,Bikes,Mountain Bikes,"Mountain-100 Silver, 48",Mountain-100,Silver,48,Outdate
348,Bikes,Mountain Bikes,"Mountain-100 Black, 38",Mountain-100,Black,38,Outdate
349,Bikes,Mountain Bikes,"Mountain-100 Black, 42",Mountain-100,Black,42,Outdate
350,Bikes,Mountain Bikes,"Mountain-100 Black, 44",Mountain-100,Black,44,Outdate
351,Bikes,Mountain Bikes,"Mountain-100 Black, 48",Mountain-100,Black,48,Outdate
352,Bikes,Mountain Bikes,"Mountain-200 Silver, 38",Mountain-200,Silver,38,Outdate
353,Bikes,Mountain Bikes,"Mountain-200 Silver, 38",Mountain-200,Silver,38,Current
354,Bikes,Mountain Bikes,"Mountain-200 Silver, 42",Mountain-200,Silver,42,Outdate
355,Bikes,Mountain Bikes,"Mountain-200 Silver, 42",Mountain-200,Silver,42,Current
356,Bikes,Mountain Bikes,"Mountain-200 Silver, 46",Mountain-200,Silver,46,Outdate
357,Bikes,Mountain Bikes,"Mountain-200 Silver, 46",Mountain-200,Silver,46,Current
358,Bikes,Mountain Bikes,"Mountain-200 Black, 38",Mountain-200,Black,38,Outdate
359,Bikes,Mountain Bikes,"Mountain-200 Black, 38",Mountain-200,Black,38,Current
360,Bikes,Mountain Bikes,"Mountain-200 Black, 42",Mountain-200,Black,42,Outdate
361,Bikes,Mountain Bikes,"Mountain-200 Black, 42",Mountain-200,Black,42,Current
362,Bikes,Mountain Bikes,"Mountain-200 Black, 46",Mountain-200,Black,46,Outdate
363,Bikes,Mountain Bikes,"Mountain-200 Black, 46",Mountain-200,Black,46,Current
364,Bikes,Mountain Bikes,"Mountain-300 Black, 38",Mountain-300,Black,38,Outdate
365,Bikes,Mountain Bikes,"Mountain-300 Black, 40",Mountain-300,Black,40,Outdate
366,Bikes,Mountain Bikes,"Mountain-300 Black, 44",Mountain-300,Black,44,Outdate
367,Bikes,Mountain Bikes,"Mountain-300 Black, 48",Mountain-300,Black,48,Outdate
368,Bikes,Road Bikes,"Road-250 Red, 44",Road-250,Red,44,Outdate
369,Bikes,Road Bikes,"Road-250 Red, 48",Road-250,Red,48,Outdate
370,Bikes,Road Bikes,"Road-250 Red, 52",Road-250,Red,52,Outdate
371,Bikes,Road Bikes,"Road-250 Red, 58",Road-250,Red,58,Outdate
372,Bikes,Road Bikes,"Road-250 Red, 58",Road-250,Red,58,Current
373,Bikes,Road Bikes,"Road-250 Black, 44",Road-250,Black,44,Outdate
374,Bikes,Road Bikes,"Road-250 Black, 44",Road-250,Black,44,Current
375,Bikes,Road Bikes,"Road-250 Black, 48",Road-250,Black,48,Outdate
376,Bikes,Road Bikes,"Road-250 Black, 48",Road-250,Black,48,Current
377,Bikes,Road Bikes,"Road-250 Black, 52",Road-250,Black,52,Outdate
378,Bikes,Road Bikes,"Road-250 Black, 52",Road-250,Black,52,Current
379,Bikes,Road Bikes,"Road-250 Black, 58",Road-250,Black,58,Outdate
380,Bikes,Road Bikes,"Road-250 Black, 58",Road-250,Black,58,Current
381,Bikes,Road Bikes,"Road-550-W Yellow, 38",Road-550-W,Yellow,38,Outdate
382,Bikes,Road Bikes,"Road-550-W Yellow, 38",Road-550-W,Yellow,38,Current
383,Bikes,Road Bikes,"Road-550-W Yellow, 40",Road-550-W,Yellow,40,Outdate
384,Bikes,Road Bikes,"Road-550-W Yellow, 40",Road-550-W,Yellow,40,Current
385,Bikes,Road Bikes,"Road-550-W Yellow, 42",Road-550-W,Yellow,42,Outdate
386,Bikes,Road Bikes,"Road-550-W Yellow, 42",Road-550-W,Yellow,42,Current
387,Bikes,Road Bikes,"Road-550-W Yellow, 44",Road-550-W,Yellow,44,Outdate
388,Bikes,Road Bikes,"Road-550-W Yellow, 44",Road-550-W,Yellow,44,Current
389,Bikes,Road Bikes,"Road-550-W Yellow, 48",Road-550-W,Yellow,48,Outdate
390,Bikes,Road Bikes,"Road-550-W Yellow, 48",Road-550-W,Yellow,48,Current
391,Components,Forks,LL Fork,LL Fork,NA,NULL,Outdate
392,Components,Forks,ML Fork,ML Fork,NA,NULL,Outdate
393,Components,Forks,HL Fork,HL Fork,NA,NULL,Outdate
394,Components,Headsets,LL Headset,LL Headset,NA,NULL,Outdate
395,Components,Headsets,ML Headset,ML Headset,NA,NULL,Outdate
396,Components,Headsets,HL Headset,HL Headset,NA,NULL,Outdate
397,Components,Handlebars,LL Mountain Handlebars,LL Mountain Handlebars,NA,NULL,Outdate
398,Components,Handlebars,LL Mountain Handlebars,LL Mountain Handlebars,NA,NULL,Current
399,Components,Handlebars,ML Mountain Handlebars,ML Mountain Handlebars,NA,NULL,Outdate
400,Components,Handlebars,ML Mountain Handlebars,ML Mountain Handlebars,NA,NULL,Current
401,Components,Handlebars,HL Mountain Handlebars,HL Mountain Handlebars,NA,NULL,Outdate
402,Components,Handlebars,HL Mountain Handlebars,HL Mountain Handlebars,NA,NULL,Current
403,Components,Handlebars,LL Road Handlebars,LL Road Handlebars,NA,NULL,Outdate
404,Components,Handlebars,LL Road Handlebars,LL Road Handlebars,NA,NULL,Current
405,Components,Handlebars,ML Road Handlebars,ML Road Handlebars,NA,NULL,Outdate
406,Components,Handlebars,ML Road Handlebars,ML Road Handlebars,NA,NULL,Current
407,Components,Handlebars,HL Road Handlebars,HL Road Handlebars,NA,NULL,Outdate
408,Components,Handlebars,HL Road Handlebars,HL Road Handlebars,NA,NULL,Current
409,Components,Mountain Frames,"ML Mountain Frame - Black, 38",ML Mountain Frame-W,Black,38,Outdate
410,Components,Wheels,LL Mountain Front Wheel,LL Mountain Front Wheel,Black,NULL,Outdate
411,Components,Wheels,ML Mountain Front Wheel,ML Mountain Front Wheel,Black,NULL,Outdate
412,Components,Wheels,HL Mountain Front Wheel,HL Mountain Front Wheel,Black,NULL,Outdate
413,Components,Wheels,LL Road Front Wheel,LL Road Front Wheel,Black,NULL,Outdate
414,Components,Wheels,ML Road Front Wheel,ML Road Front Wheel,Black,NULL,Outdate
415,Components,Wheels,HL Road Front Wheel,HL Road Front Wheel,Black,NULL,Outdate
416,Components,Wheels,Touring Front Wheel,Touring Front Wheel,Black,NULL,Outdate
417,Components,Road Frames,"ML Road Frame-W - Yellow, 38",ML Road Frame-W,Yellow,38,Outdate
418,Components,Road Frames,"ML Road Frame-W - Yellow, 38",ML Road Frame-W,Yellow,38,Current
419,Components,Wheels,LL Mountain Rear Wheel,LL Mountain Rear Wheel,Black,NULL,Outdate
420,Components,Wheels,ML Mountain Rear Wheel,ML Mountain Rear Wheel,Black,NULL,Outdate
421,Components,Wheels,HL Mountain Rear Wheel,HL Mountain Rear Wheel,Black,NULL,Outdate
422,Components,Wheels,LL Road Rear Wheel,LL Road Rear Wheel,Black,NULL,Outdate
423,Components,Wheels,ML Road Rear Wheel,ML Road Rear Wheel,Black,NULL,Outdate
424,Components,Wheels,HL Road Rear Wheel,HL Road Rear Wheel,Black,NULL,Outdate
425,Components,Wheels,Touring Rear Wheel,Touring Rear Wheel,Black,NULL,Outdate
426,Components,Mountain Frames,"ML Mountain Frame - Black, 40",ML Mountain Frame,Black,40,Outdate
427,Components,Mountain Frames,"ML Mountain Frame - Black, 44",ML Mountain Frame,Black,44,Outdate
428,Components,Mountain Frames,"ML Mountain Frame - Black, 48",ML Mountain Frame,Black,48,Outdate
429,Components,Road Frames,"ML Road Frame-W - Yellow, 40",ML Road Frame-W,Yellow,40,Outdate
430,Components,Road Frames,"ML Road Frame-W - Yellow, 40",ML Road Frame-W,Yellow,40,Current
431,Components,Road Frames,"ML Road Frame-W - Yellow, 42",ML Road Frame-W,Yellow,42,Outdate
432,Components,Road Frames,"ML Road Frame-W - Yellow, 42",ML Road Frame-W,Yellow,42,Current
433,Components,Road Frames,"ML Road Frame-W - Yellow, 44",ML Road Frame-W,Yellow,44,Outdate
434,Components,Road Frames,"ML Road Frame-W - Yellow, 44",ML Road Frame-W,Yellow,44,Current
435,Components,Road Frames,"ML Road Frame-W - Yellow, 48",ML Road Frame-W,Yellow,48,Outdate
436,Components,Road Frames,"ML Road Frame-W - Yellow, 48",ML Road Frame-W,Yellow,48,Current
437,Components,Road Frames,"HL Road Frame - Black, 62",HL Road Frame,Black,62,Outdate
438,Components,Road Frames,"HL Road Frame - Black, 62",HL Road Frame,Black,62,Current
439,Components,Road Frames,"HL Road Frame - Black, 44",HL Road Frame,Black,44,Outdate
440,Components,Road Frames,"HL Road Frame - Black, 44",HL Road Frame,Black,44,Current
441,Components,Road Frames,"HL Road Frame - Black, 48",HL Road Frame,Black,48,Outdate
442,Components,Road Frames,"HL Road Frame - Black, 48",HL Road Frame,Black,48,Current
443,Components,Road Frames,"HL Road Frame - Black, 52",HL Road Frame,Black,52,Outdate
444,Components,Road Frames,"HL Road Frame - Black, 52",HL Road Frame,Black,52,Current
445,Clothing,Shorts,"Men's Sports Shorts, S",Men's Sports Shorts,Black,S,Outdate
446,Accessories,Panniers,"Touring-Panniers, Large",Touring-Panniers,Grey,NULL,Outdate
447,Accessories,Locks,Cable Lock,Cable Lock,NA,NULL,Outdate
448,Accessories,Pumps,Minipump,Minipump,NA,NULL,Outdate
449,Accessories,Pumps,Mountain Pump,Mountain Pump,NA,NULL,Outdate
450,Accessories,Lights,Taillights - Battery-Powered,Taillight,NA,NULL,Outdate
451,Accessories,Lights,Headlights - Dual-Beam,Headlights - Dual-Beam,NA,NULL,Outdate
452,Accessories,Lights,Headlights - Weatherproof,Headlights - Weatherproof,NA,NULL,Outdate
453,Clothing,Shorts,"Men's Sports Shorts, M",Men's Sports Shorts,Black,M,Outdate
454,Clothing,Shorts,"Men's Sports Shorts, L",Men's Sports Shorts,Black,L,Outdate
455,Clothing,Shorts,"Men's Sports Shorts, XL",Men's Sports Shorts,Black,XL,Outdate
456,Clothing,Tights,"Women's Tights, S",Women's Tights,Black,S,Outdate
457,Clothing,Tights,"Women's Tights, M",Women's Tights,Black,M,Outdate
458,Clothing,Tights,"Women's Tights, L",Women's Tights,Black,L,Outdate
459,Clothing,Bib-Shorts,"Men's Bib-Shorts, S",Men's Bib-Shorts,Multi,S,Outdate
460,Clothing,Bib-Shorts,"Men's Bib-Shorts, M",Men's Bib-Shorts,Multi,M,Outdate
461,Clothing,Bib-Shorts,"Men's Bib-Shorts, L",Men's Bib-Shorts,Multi,L,Outdate
462,Clothing,Gloves,"Half-Finger Gloves, S",Half-Finger Gloves,Black,S,Outdate
463,Clothing,Gloves,"Half-Finger Gloves, S",Half-Finger Gloves,Black,S,Current
464,Clothing,Gloves,"Half-Finger Gloves, M",Half-Finger Gloves,Black,M,Outdate
465,Clothing,Gloves,"Half-Finger Gloves, M",Half-Finger Gloves,Black,M,Current
466,Clothing,Gloves,"Half-Finger Gloves, L",Half-Finger Gloves,Black,L,Outdate
467,Clothing,Gloves,"Half-Finger Gloves, L",Half-Finger Gloves,Black,L,Current
468,Clothing,Gloves,"Full-Finger Gloves, S",Full-Finger Gloves,Black,S,Outdate
469,Clothing,Gloves,"Full-Finger Gloves, M",Full-Finger Gloves,Black,M,Outdate
470,Clothing,Gloves,"Full-Finger Gloves, L",Full-Finger Gloves,Black,L,Outdate
471,Clothing,Vests,"Classic Vest, S",Classic Vest,Blue,S,Current
472,Clothing,Vests,"Classic Vest, M",Classic Vest,Blue,M,Current
473,Clothing,Vests,"Classic Vest, L",Classic Vest,Blue,L,Current
474,Clothing,Shorts,"Women's Mountain Shorts, S",Women's Mountain Shorts,Black,S,Current
475,Clothing,Shorts,"Women's Mountain Shorts, M",Women's Mountain Shorts,Black,M,Current
476,Clothing,Shorts,"Women's Mountain Shorts, L",Women's Mountain Shorts,Black,L,Current
477,Accessories,Bottles and Cages,Water Bottle - 30 oz.,Water Bottle,NA,NULL,Current
478,Accessories,Bottles and Cages,Mountain Bottle Cage,Mountain Bottle Cage,NA,NULL,Current
479,Accessories,Bottles and Cages,Road Bottle Cage,Road Bottle Cage,NA,NULL,Current
480,Accessories,Tires and Tubes,Patch Kit/8 Patches,Patch kit,NA,NULL,Current
481,Clothing,Socks,"Racing Socks, M",Racing Socks,White,M,Current
482,Clothing,Socks,"Racing Socks, L",Racing Socks,White,L,Current
483,Accessories,Bike Racks,Hitch Rack - 4-Bike,Hitch Rack - 4-Bike,NA,NULL,Current
484,Accessories,Cleaners,Bike Wash - Dissolver,Bike Wash,NA,NULL,Current
485,Accessories,Fenders,Fender Set - Mountain,Fender Set - Mountain,NA,NULL,Current
486,Accessories,Bike Stands,All-Purpose Bike Stand,All-Purpose Bike Stand,NA,NULL,Current
487,Accessories,Hydration Packs,Hydration Pack - 70 oz.,Hydration Pack,Silver,70,Current
488,Clothing,Jerseys,"Short-Sleeve Classic Jersey, S",Short-Sleeve Classic Jersey,Yellow,S,Current
489,Clothing,Jerseys,"Short-Sleeve Classic Jersey, M",Short-Sleeve Classic Jersey,Yellow,M,Current
490,Clothing,Jerseys,"Short-Sleeve Classic Jersey, L",Short-Sleeve Classic Jersey,Yellow,L,Current
491,Clothing,Jerseys,"Short-Sleeve Classic Jersey, XL",Short-Sleeve Classic Jersey,Yellow,XL,Current
492,Components,Touring Frames,"HL Touring Frame - Yellow, 60",HL Touring Frame,Yellow,60,Current
493,Components,Touring Frames,"LL Touring Frame - Yellow, 62",LL Touring Frame,Yellow,62,Current
494,Components,Touring Frames,"HL Touring Frame - Yellow, 46",HL Touring Frame,Yellow,46,Current
495,Components,Touring Frames,"HL Touring Frame - Yellow, 50",HL Touring Frame,Yellow,50,Current
496,Components,Touring Frames,"HL Touring Frame - Yellow, 54",HL Touring Frame,Yellow,54,Current
497,Components,Touring Frames,"HL Touring Frame - Blue, 46",HL Touring Frame,Blue,46,Current
498,Components,Touring Frames,"HL Touring Frame - Blue, 50",HL Touring Frame,Blue,50,Current
499,Components,Touring Frames,"HL Touring Frame - Blue, 54",HL Touring Frame,Blue,54,Current
500,Components,Touring Frames,"HL Touring Frame - Blue, 60",HL Touring Frame,Blue,60,Current
501,Components,Derailleurs,Rear Derailleur,Rear Derailleur,Silver,NULL,Current
502,Components,Touring Frames,"LL Touring Frame - Blue, 50",LL Touring Frame,Blue,50,Current
503,Components,Touring Frames,"LL Touring Frame - Blue, 54",LL Touring Frame,Blue,54,Current
504,Components,Touring Frames,"LL Touring Frame - Blue, 58",LL Touring Frame,Blue,58,Current
505,Components,Touring Frames,"LL Touring Frame - Blue, 62",LL Touring Frame,Blue,62,Current
506,Components,Touring Frames,"LL Touring Frame - Yellow, 44",LL Touring Frame,Yellow,44,Current
507,Components,Touring Frames,"LL Touring Frame - Yellow, 50",LL Touring Frame,Yellow,50,Current
508,Components,Touring Frames,"LL Touring Frame - Yellow, 54",LL Touring Frame,Yellow,54,Current
509,Components,Touring Frames,"LL Touring Frame - Yellow, 58",LL Touring Frame,Yellow,58,Current
510,Components,Touring Frames,"LL Touring Frame - Blue, 44",LL Touring Frame,Blue,44,Current
511,Components,Mountain Frames,"ML Mountain Frame-W - Silver, 40",ML Mountain Frame-W,Silver,40,Current
512,Components,Mountain Frames,"ML Mountain Frame-W - Silver, 42",ML Mountain Frame-W,Silver,42,Current
513,Components,Mountain Frames,"ML Mountain Frame-W - Silver, 46",ML Mountain Frame-W,Silver,46,Current
514,Components,Brakes,Rear Brakes,Rear Brakes,Silver,NULL,Current
515,Components,Saddles,LL Mountain Seat/Saddle,LL Mountain Seat/Saddle 2,NA,NULL,Current
516,Components,Saddles,ML Mountain Seat/Saddle,ML Mountain Seat/Saddle 2,NA,NULL,Current
517,Components,Saddles,HL Mountain Seat/Saddle,HL Mountain Seat/Saddle 2,NA,NULL,Current
518,Components,Saddles,LL Road Seat/Saddle,LL Road Seat/Saddle 1,NA,NULL,Current
519,Components,Saddles,ML Road Seat/Saddle,ML Road Seat/Saddle 2,NA,NULL,Current
520,Components,Saddles,HL Road Seat/Saddle,HL Road Seat/Saddle 2,NA,NULL,Current
521,Components,Saddles,LL Touring Seat/Saddle,LL Touring Seat/Saddle,NA,NULL,Current
522,Components,Saddles,ML Touring Seat/Saddle,ML Touring Seat/Saddle,NA,NULL,Current
523,Components,Saddles,HL Touring Seat/Saddle,HL Touring Seat/Saddle,NA,NULL,Current
524,Components,Mountain Frames,"LL Mountain Frame - Silver, 42",LL Mountain Frame,Silver,42,Current
525,Components,Mountain Frames,"LL Mountain Frame - Silver, 44",LL Mountain Frame,Silver,44,Current
526,Components,Mountain Frames,"LL Mountain Frame - Silver, 48",LL Mountain Frame,Silver,48,Current
527,Components,Mountain Frames,"LL Mountain Frame - Silver, 52",LL Mountain Frame,Silver,52,Current
528,Accessories,Tires and Tubes,Mountain Tire Tube,Mountain Tire Tube,NA,NULL,Current
529,Accessories,Tires and Tubes,Road Tire Tube,Road Tire Tube,NA,NULL,Current
530,Accessories,Tires and Tubes,Touring Tire Tube,Touring Tire Tube,NA,NULL,Current
531,Components,Mountain Frames,"LL Mountain Frame - Black, 42",LL Mountain Frame,Black,42,Current
532,Components,Mountain Frames,"LL Mountain Frame - Black, 44",LL Mountain Frame,Black,44,Current
533,Components,Mountain Frames,"LL Mountain Frame - Black, 48",LL Mountain Frame,Black,48,Current
534,Components,Mountain Frames,"LL Mountain Frame - Black, 52",LL Mountain Frame,Black,52,Current
535,Accessories,Tires and Tubes,LL Mountain Tire,LL Mountain Tire,NA,NULL,Current
536,Accessories,Tires and Tubes,ML Mountain Tire,ML Mountain Tire,NA,NULL,Current
537,Accessories,Tires and Tubes,HL Mountain Tire,HL Mountain Tire,NA,NULL,Current
538,Accessories,Tires and Tubes,LL Road Tire,LL Road Tire,NA,NULL,Current
539,Accessories,Tires and Tubes,ML Road Tire,ML Road Tire,NA,NULL,Current
540,Accessories,Tires and Tubes,HL Road Tire,HL Road Tire,NA,NULL,Current
541,Accessories,Tires and Tubes,Touring Tire,Touring Tire,NA,NULL,Current
542,Components,Pedals,LL Mountain Pedal,LL Mountain Pedal,Silver/Black,NULL,Current
543,Components,Pedals,ML Mountain Pedal,ML Mountain Pedal,Silver/Black,NULL,Current
544,Components,Pedals,HL Mountain Pedal,HL Mountain Pedal,Silver/Black,NULL,Current
545,Components,Pedals,LL Road Pedal,LL Road Pedal,Silver/Black,NULL,Current
546,Components,Pedals,ML Road Pedal,ML Road Pedal,Silver/Black,NULL,Current
547,Components,Pedals,HL Road Pedal,HL Road Pedal,Silver/Black,NULL,Current
548,Components,Pedals,Touring Pedal,Touring Pedal,Silver/Black,NULL,Current
549,Components,Mountain Frames,"ML Mountain Frame-W - Silver, 38",ML Mountain Frame-W,Silver,38,Current
550,Components,Mountain Frames,"LL Mountain Frame - Black, 40",LL Mountain Frame,Black,40,Current
551,Components,Mountain Frames,"LL Mountain Frame - Silver, 40",LL Mountain Frame,Silver,40,Current
552,Components,Derailleurs,Front Derailleur,Front Derailleur,Silver,NULL,Current
553,Components,Handlebars,LL Touring Handlebars,LL Touring Handlebars,NA,NULL,Current
554,Components,Handlebars,HL Touring Handlebars,HL Touring Handlebars,NA,NULL,Current
555,Components,Brakes,Front Brakes,Front Brakes,Silver,NULL,Current
556,Components,Cranksets,LL Crankset,LL Crankset,Black,NULL,Current
557,Components,Cranksets,ML Crankset,ML Crankset,Black,NULL,Current
558,Components,Cranksets,HL Crankset,HL Crankset,Black,NULL,Current
559,Components,Chains,Chain,Chain,Silver,NULL,Current
560,Bikes,Touring Bikes,"Touring-2000 Blue, 60",Touring-2000,Blue,60,Current
561,Bikes,Touring Bikes,"Touring-1000 Yellow, 46",Touring-1000,Yellow,46,Current
562,Bikes,Touring Bikes,"Touring-1000 Yellow, 50",Touring-1000,Yellow,50,Current
563,Bikes,Touring Bikes,"Touring-1000 Yellow, 54",Touring-1000,Yellow,54,Current
564,Bikes,Touring Bikes,"Touring-1000 Yellow, 60",Touring-1000,Yellow,60,Current
565,Bikes,Touring Bikes,"Touring-3000 Blue, 54",Touring-3000,Blue,54,Current
566,Bikes,Touring Bikes,"Touring-3000 Blue, 58",Touring-3000,Blue,58,Current
567,Bikes,Touring Bikes,"Touring-3000 Blue, 62",Touring-3000,Blue,62,Current
568,Bikes,Touring Bikes,"Touring-3000 Yellow, 44",Touring-3000,Yellow,44,Current
569,Bikes,Touring Bikes,"Touring-3000 Yellow, 50",Touring-3000,Yellow,50,Current
570,Bikes,Touring Bikes,"Touring-3000 Yellow, 54",Touring-3000,Yellow,54,Current
571,Bikes,Touring Bikes,"Touring-3000 Yellow, 58",Touring-3000,Yellow,58,Current
572,Bikes,Touring Bikes,"Touring-3000 Yellow, 62",Touring-3000,Yellow,62,Current
573,Bikes,Touring Bikes,"Touring-1000 Blue, 46",Touring-1000,Blue,46,Current
574,Bikes,Touring Bikes,"Touring-1000 Blue, 50",Touring-1000,Blue,50,Current
575,Bikes,Touring Bikes,"Touring-1000 Blue, 54",Touring-1000,Blue,54,Current
576,Bikes,Touring Bikes,"Touring-1000 Blue, 60",Touring-1000,Blue,60,Current
577,Bikes,Touring Bikes,"Touring-2000 Blue, 46",Touring-2000,Blue,46,Current
578,Bikes,Touring Bikes,"Touring-2000 Blue, 50",Touring-2000,Blue,50,Current
579,Bikes,Touring Bikes,"Touring-2000 Blue, 54",Touring-2000,Blue,54,Current
580,Bikes,Road Bikes,"Road-350-W Yellow, 40",Road-350-W,Yellow,40,Current
581,Bikes,Road Bikes,"Road-350-W Yellow, 42",Road-350-W,Yellow,42,Current
582,Bikes,Road Bikes,"Road-350-W Yellow, 44",Road-350-W,Yellow,44,Current
583,Bikes,Road Bikes,"Road-350-W Yellow, 48",Road-350-W,Yellow,48,Current
584,Bikes,Road Bikes,"Road-750 Black, 58",Road-750,Black,58,Current
585,Bikes,Touring Bikes,"Touring-3000 Blue, 44",Touring-3000,Blue,44,Current
586,Bikes,Touring Bikes,"Touring-3000 Blue, 50",Touring-3000,Blue,50,Current
587,Bikes,Mountain Bikes,"Mountain-400-W Silver, 38",Mountain-400-W,Silver,38,Current
588,Bikes,Mountain Bikes,"Mountain-400-W Silver, 40",Mountain-400-W,Silver,40,Current
589,Bikes,Mountain Bikes,"Mountain-400-W Silver, 42",Mountain-400-W,Silver,42,Current
590,Bikes,Mountain Bikes,"Mountain-400-W Silver, 46",Mountain-400-W,Silver,46,Current
591,Bikes,Mountain Bikes,"Mountain-500 Silver, 40",Mountain-500,Silver,40,Current
592,Bikes,Mountain Bikes,"Mountain-500 Silver, 42",Mountain-500,Silver,42,Current
593,Bikes,Mountain Bikes,"Mountain-500 Silver, 44",Mountain-500,Silver,44,Current
594,Bikes,Mountain Bikes,"Mountain-500 Silver, 48",Mountain-500,Silver,48,Current
595,Bikes,Mountain Bikes,"Mountain-500 Silver, 52",Mountain-500,Silver,52,Current
596,Bikes,Mountain Bikes,"Mountain-500 Black, 40",Mountain-500,Black,40,Current
597,Bikes,Mountain Bikes,"Mountain-500 Black, 42",Mountain-500,Black,42,Current
598,Bikes,Mountain Bikes,"Mountain-500 Black, 44",Mountain-500,Black,44,Current
599,Bikes,Mountain Bikes,"Mountain-500 Black, 48",Mountain-500,Black,48,Current
600,Bikes,Mountain Bikes,"Mountain-500 Black, 52",Mountain-500,Black,52,Current
601,Components,Bottom Brackets,LL Bottom Bracket,LL Bottom Bracket,NA,NULL,Current
602,Components,Bottom Brackets,ML Bottom Bracket,ML Bottom Bracket,NA,NULL,Current
603,Components,Bottom Brackets,HL Bottom Bracket,HL Bottom Bracket,NA,NULL,Current
604,Bikes,Road Bikes,"Road-750 Black, 44",Road-750,Black,44,Current
605,Bikes,Road Bikes,"Road-750 Black, 48",Road-750,Black,48,Current
606,Bikes,Road Bikes,"Road-750 Black, 52",Road-750,Black,52,Current
